file,class,method,constructor,line,cbo,cboModified,fanin,fanout,wmc,rfc,loc,returnsQty,variablesQty,parametersQty,methodsInvokedQty,methodsInvokedLocalQty,methodsInvokedIndirectLocalQty,loopQty,comparisonsQty,tryCatchQty,parenthesizedExpsQty,stringLiteralsQty,numbersQty,assignmentsQty,mathOperationsQty,maxNestedBlocksQty,anonymousClassesQty,innerClassesQty,lambdasQty,uniqueWordsQty,modifiers,logStatementsQty,hasJavaDoc
C:\Users\danie\Documents\GitHub\lab2_top1000\lab2\data\repos\Paper\test-plugin\src\main\java\io\papermc\testplugin\brigtests\Registration.java,io.papermc.testplugin.brigtests.Registration$Anonymous1,"suggest/2[CommandSourceStack,String[]]",false,106,3,0,0,0,1,3,4,1,0,2,3,0,0,0,0,0,0,2,0,0,0,0,0,0,0,5,1,0,false
C:\Users\danie\Documents\GitHub\lab2_top1000\lab2\data\repos\Paper\test-plugin\src\main\java\io\papermc\testplugin\brigtests\Registration.java,io.papermc.testplugin.brigtests.Registration$Anonymous1,"execute/2[CommandSourceStack,String[]]",false,101,2,0,0,0,1,2,3,0,0,2,2,0,0,0,0,0,0,0,0,0,0,0,0,0,0,5,1,0,false
C:\Users\danie\Documents\GitHub\lab2_top1000\lab2\data\repos\Paper\paper-api-generator\src\main\java\io\papermc\generator\types\SourceGenerator.java,io.papermc.generator.types.SourceGenerator,writeToFile/1[java.nio.file.Path],false,8,0,1,1,0,1,0,1,0,0,1,0,0,0,0,0,0,0,0,0,0,0,0,0,0,0,8,0,0,false
C:\Users\danie\Documents\GitHub\lab2_top1000\lab2\data\repos\Paper\paper-api-generator\generated\io\papermc\paper\registry\keys\StructureTypeKeys.java,io.papermc.paper.registry.keys.StructureTypeKeys,StructureTypeKeys/0,true,141,0,0,0,0,1,0,2,0,0,0,0,0,0,0,0,0,0,0,0,0,0,0,0,0,0,3,2,0,false
C:\Users\danie\Documents\GitHub\lab2_top1000\lab2\data\repos\Paper\paper-api-generator\generated\io\papermc\paper\registry\keys\StructureTypeKeys.java,io.papermc.paper.registry.keys.StructureTypeKeys,create/1[io.papermc.paper.registry.keys.Key],false,144,4,0,0,0,1,1,3,1,0,1,1,0,0,0,0,0,0,0,0,0,0,0,0,0,0,3,10,0,false
C:\Users\danie\Documents\GitHub\lab2_top1000\lab2\data\repos\Paper\paper-api-generator\generated\io\papermc\paper\registry\keys\DamageTypeKeys.java,io.papermc.paper.registry.keys.DamageTypeKeys,DamageTypeKeys/0,true,358,0,0,0,0,1,0,2,0,0,0,0,0,0,0,0,0,0,0,0,0,0,0,0,0,0,3,2,0,false
C:\Users\danie\Documents\GitHub\lab2_top1000\lab2\data\repos\Paper\paper-api-generator\generated\io\papermc\paper\registry\keys\DamageTypeKeys.java,io.papermc.paper.registry.keys.DamageTypeKeys,create/1[io.papermc.paper.registry.keys.Key],false,368,5,0,0,0,1,1,3,1,0,1,1,0,0,0,0,0,0,0,0,0,0,0,0,0,0,11,9,0,true
C:\Users\danie\Documents\GitHub\lab2_top1000\lab2\data\repos\Paper\paper-api-generator\generated\io\papermc\paper\registry\keys\GameEventKeys.java,io.papermc.paper.registry.keys.GameEventKeys,create/1[io.papermc.paper.registry.keys.Key],false,452,4,0,0,0,1,1,3,1,0,1,1,0,0,0,0,0,0,0,0,0,0,0,0,0,0,3,10,0,false
C:\Users\danie\Documents\GitHub\lab2_top1000\lab2\data\repos\Paper\paper-api-generator\generated\io\papermc\paper\registry\keys\GameEventKeys.java,io.papermc.paper.registry.keys.GameEventKeys,GameEventKeys/0,true,449,0,0,0,0,1,0,2,0,0,0,0,0,0,0,0,0,0,0,0,0,0,0,0,0,0,3,2,0,false
C:\Users\danie\Documents\GitHub\lab2_top1000\lab2\data\repos\Paper\paper-api-generator\src\main\java\io\papermc\generator\types\goal\MobGoalNames.java,io.papermc.generator.types.goal.MobGoalNames,toBukkitClass/1[java.lang.Class<? extends net.minecraft.world.entity.Mob>],false,326,0,0,0,0,2,1,7,1,1,1,1,0,0,0,1,0,0,1,0,1,1,1,0,0,0,13,9,0,false
C:\Users\danie\Documents\GitHub\lab2_top1000\lab2\data\repos\Paper\paper-api-generator\src\main\java\io\papermc\generator\types\goal\MobGoalNames.java,io.papermc.generator.types.goal.MobGoalNames,getEntity/1[java.lang.Class<? extends io.papermc.generator.types.goal.Goal>],false,308,7,1,1,0,5,6,17,3,3,1,6,0,0,2,0,0,0,1,1,2,1,4,0,0,1,18,9,0,false
C:\Users\danie\Documents\GitHub\lab2_top1000\lab2\data\repos\Paper\paper-api-generator\src\main\java\io\papermc\generator\types\goal\MobGoalNames.java,io.papermc.generator.types.goal.MobGoalNames,getUsableName/1[java.lang.String],false,255,0,1,1,0,9,17,35,1,4,1,17,0,0,1,0,0,0,19,3,14,3,2,0,0,0,15,9,0,false
C:\Users\danie\Documents\GitHub\lab2_top1000\lab2\data\repos\Paper\paper-api-generator\src\main\java\io\papermc\generator\types\goal\MobGoalNames.java,io.papermc.generator.types.goal.MobGoalNames,(initializer 2),false,245,0,0,0,0,1,2,8,0,0,0,2,0,0,0,0,0,0,7,0,0,0,0,0,0,0,0,8,0,false
C:\Users\danie\Documents\GitHub\lab2_top1000\lab2\data\repos\Paper\paper-api-generator\src\main\java\io\papermc\generator\types\goal\MobGoalNames.java,io.papermc.generator.types.goal.MobGoalNames,isIgnored/1[java.lang.String],false,294,0,1,1,0,1,1,3,1,0,1,1,0,0,0,0,0,0,0,0,0,0,0,0,0,0,3,9,0,false
C:\Users\danie\Documents\GitHub\lab2_top1000\lab2\data\repos\Paper\paper-api-generator\src\main\java\io\papermc\generator\types\goal\MobGoalNames.java,io.papermc.generator.types.goal.MobGoalNames,"getKey/2[java.lang.String,java.lang.Class<? extends io.papermc.generator.types.goal.Goal>]",false,299,4,3,0,3,2,5,7,2,1,2,5,3,1,0,0,0,0,0,0,1,0,1,0,0,0,11,9,0,false
C:\Users\danie\Documents\GitHub\lab2_top1000\lab2\data\repos\Paper\paper-api-generator\src\main\java\io\papermc\generator\types\goal\MobGoalNames.java,io.papermc.generator.types.goal.MobGoalNames,(initializer 1),false,133,112,1,0,1,1,1,106,0,0,0,1,0,0,0,0,0,0,0,0,0,0,0,0,0,0,0,8,0,false
C:\Users\danie\Documents\GitHub\lab2_top1000\lab2\data\repos\Paper\paper-api-generator\src\main\java\io\papermc\generator\types\goal\MobGoalGenerator.java,io.papermc.generator.types.goal.MobGoalGenerator,getTypeSpec/0,false,79,14,1,0,1,2,40,23,1,21,0,40,0,0,1,0,1,0,7,0,15,0,1,0,0,6,44,4,0,false
C:\Users\danie\Documents\GitHub\lab2_top1000\lab2\data\repos\Paper\paper-api-generator\src\main\java\io\papermc\generator\types\goal\MobGoalGenerator.java,io.papermc.generator.types.goal.MobGoalGenerator,file/1[JavaFile.Builder],false,134,1,0,0,0,1,0,3,1,0,1,0,0,0,0,0,0,0,0,0,0,0,0,0,0,0,2,4,0,false
C:\Users\danie\Documents\GitHub\lab2_top1000\lab2\data\repos\Paper\paper-api-generator\src\main\java\io\papermc\generator\types\goal\MobGoalGenerator.java,io.papermc.generator.types.goal.MobGoalGenerator,"MobGoalGenerator/2[java.lang.String,java.lang.String]",true,74,0,0,0,0,1,0,3,0,0,2,0,0,0,0,0,0,0,0,0,0,0,0,0,0,0,4,1,0,false
C:\Users\danie\Documents\GitHub\lab2_top1000\lab2\data\repos\Paper\paper-api-generator\src\main\java\io\papermc\generator\types\goal\MobGoalGenerator.java,io.papermc.generator.types.goal.MobGoalGenerator,"DeprecatedEntry/4[java.lang.Class<?>,java.lang.String,java.lang.String,java.lang.String]",false,139,2,0,0,0,1,0,2,0,0,4,0,0,0,0,0,0,0,0,0,0,0,0,0,0,0,5,0,0,false
C:\Users\danie\Documents\GitHub\lab2_top1000\lab2\data\repos\Paper\paper-api-generator\generated\io\papermc\paper\registry\keys\ItemTypeKeys.java,io.papermc.paper.registry.keys.ItemTypeKeys,ItemTypeKeys/0,true,9360,0,0,0,0,1,0,2,0,0,0,0,0,0,0,0,0,0,0,0,0,0,0,0,0,0,3,2,0,false
C:\Users\danie\Documents\GitHub\lab2_top1000\lab2\data\repos\Paper\paper-api-generator\generated\io\papermc\paper\registry\keys\ItemTypeKeys.java,io.papermc.paper.registry.keys.ItemTypeKeys,create/1[io.papermc.paper.registry.keys.Key],false,9363,4,0,0,0,1,1,3,1,0,1,1,0,0,0,0,0,0,0,0,0,0,0,0,0,0,3,10,0,false
C:\Users\danie\Documents\GitHub\lab2_top1000\lab2\data\repos\Paper\paper-api-generator\generated\com\destroystokyo\paper\entity\ai\VanillaGoal.java,com.destroystokyo.paper.entity.ai.VanillaGoal,"create/2[java.lang.String,java.lang.Class<T>]",false,440,3,0,0,0,1,2,3,1,0,2,2,0,0,0,0,0,0,0,0,0,0,0,0,0,0,4,10,0,false
C:\Users\danie\Documents\GitHub\lab2_top1000\lab2\data\repos\Paper\paper-api-generator\generated\io\papermc\paper\registry\keys\WolfVariantKeys.java,io.papermc.paper.registry.keys.WolfVariantKeys,WolfVariantKeys/0,true,92,0,0,0,0,1,0,2,0,0,0,0,0,0,0,0,0,0,0,0,0,0,0,0,0,0,3,2,0,false
C:\Users\danie\Documents\GitHub\lab2_top1000\lab2\data\repos\Paper\paper-api-generator\generated\io\papermc\paper\registry\keys\WolfVariantKeys.java,io.papermc.paper.registry.keys.WolfVariantKeys,create/1[io.papermc.paper.registry.keys.Key],false,102,5,0,0,0,1,1,3,1,0,1,1,0,0,0,0,0,0,0,0,0,0,0,0,0,0,9,9,0,true
C:\Users\danie\Documents\GitHub\lab2_top1000\lab2\data\repos\Paper\paper-api-generator\src\main\java\io\papermc\generator\utils\Javadocs.java,io.papermc.generator.utils.Javadocs,getVersionDependentClassHeader/1[java.lang.String],false,5,0,2,2,0,1,1,3,1,0,1,1,0,0,0,0,0,0,0,0,0,0,0,0,0,0,7,9,0,false
C:\Users\danie\Documents\GitHub\lab2_top1000\lab2\data\repos\Paper\paper-api-generator\src\main\java\io\papermc\generator\utils\Javadocs.java,io.papermc.generator.utils.Javadocs,Javadocs/0,true,25,0,0,0,0,1,0,2,0,0,0,0,0,0,0,0,0,0,0,0,0,0,0,0,0,0,1,2,0,false
C:\Users\danie\Documents\GitHub\lab2_top1000\lab2\data\repos\Paper\paper-api-generator\src\main\java\io\papermc\generator\utils\Javadocs.java,io.papermc.generator.utils.Javadocs,getVersionDependentField/1[java.lang.String],false,17,0,1,1,0,1,1,3,1,0,1,1,0,0,0,0,0,0,0,0,0,0,0,0,0,0,6,9,0,false
C:\Users\danie\Documents\GitHub\lab2_top1000\lab2\data\repos\Paper\paper-api-generator\generated\io\papermc\paper\registry\keys\MobEffectKeys.java,io.papermc.paper.registry.keys.MobEffectKeys,MobEffectKeys/0,true,302,0,0,0,0,1,0,2,0,0,0,0,0,0,0,0,0,0,0,0,0,0,0,0,0,0,3,2,0,false
C:\Users\danie\Documents\GitHub\lab2_top1000\lab2\data\repos\Paper\paper-api-generator\generated\io\papermc\paper\registry\keys\MobEffectKeys.java,io.papermc.paper.registry.keys.MobEffectKeys,create/1[io.papermc.paper.registry.keys.Key],false,305,4,0,0,0,1,1,3,1,0,1,1,0,0,0,0,0,0,0,0,0,0,0,0,0,0,3,10,0,false
C:\Users\danie\Documents\GitHub\lab2_top1000\lab2\data\repos\Paper\paper-api-generator\generated\io\papermc\paper\registry\keys\tags\EnchantmentTagKeys.java,io.papermc.paper.registry.keys.tags.EnchantmentTagKeys,EnchantmentTagKeys/0,true,310,0,0,0,0,1,0,2,0,0,0,0,0,0,0,0,0,0,0,0,0,0,0,0,0,0,3,2,0,false
C:\Users\danie\Documents\GitHub\lab2_top1000\lab2\data\repos\Paper\paper-api-generator\generated\io\papermc\paper\registry\keys\tags\EnchantmentTagKeys.java,io.papermc.paper.registry.keys.tags.EnchantmentTagKeys,create/1[io.papermc.paper.registry.keys.tags.Key],false,320,5,0,0,0,1,1,3,1,0,1,1,0,0,0,0,0,0,0,0,0,0,0,0,0,0,10,9,0,true
C:\Users\danie\Documents\GitHub\lab2_top1000\lab2\data\repos\Paper\paper-api-generator\generated\io\papermc\paper\registry\keys\StructureKeys.java,io.papermc.paper.registry.keys.StructureKeys,StructureKeys/0,true,267,0,0,0,0,1,0,2,0,0,0,0,0,0,0,0,0,0,0,0,0,0,0,0,0,0,2,2,0,false
C:\Users\danie\Documents\GitHub\lab2_top1000\lab2\data\repos\Paper\paper-api-generator\generated\io\papermc\paper\registry\keys\StructureKeys.java,io.papermc.paper.registry.keys.StructureKeys,create/1[io.papermc.paper.registry.keys.Key],false,277,5,0,0,0,1,1,3,1,0,1,1,0,0,0,0,0,0,0,0,0,0,0,0,0,0,11,9,0,true
C:\Users\danie\Documents\GitHub\lab2_top1000\lab2\data\repos\Paper\paper-api-generator\src\main\java\io\papermc\generator\types\GeneratedTagKeyType.java,io.papermc.generator.types.GeneratedTagKeyType,file/1[JavaFile.Builder],false,133,2,0,0,0,1,1,3,1,0,1,1,0,0,0,0,0,0,1,0,0,0,0,0,0,0,2,4,0,false
C:\Users\danie\Documents\GitHub\lab2_top1000\lab2\data\repos\Paper\paper-api-generator\src\main\java\io\papermc\generator\types\GeneratedTagKeyType.java,io.papermc.generator.types.GeneratedTagKeyType,keyHolderType/0,false,90,3,1,0,1,1,9,3,1,0,0,9,0,0,0,0,0,0,1,0,0,0,0,0,0,0,12,2,0,false
C:\Users\danie\Documents\GitHub\lab2_top1000\lab2\data\repos\Paper\paper-api-generator\src\main\java\io\papermc\generator\types\GeneratedTagKeyType.java,io.papermc.generator.types.GeneratedTagKeyType,"GeneratedTagKeyType/6[java.lang.String,java.lang.Class<A>,java.lang.String,io.papermc.generator.types.ResourceKey<? extends io.papermc.generator.types.Registry<T>>,io.papermc.generator.types.RegistryKey<A>,boolean]",true,66,4,0,0,0,1,0,7,0,0,6,0,0,0,0,0,0,0,0,0,4,0,0,0,0,0,10,1,0,false
C:\Users\danie\Documents\GitHub\lab2_top1000\lab2\data\repos\Paper\paper-api-generator\src\main\java\io\papermc\generator\types\GeneratedTagKeyType.java,io.papermc.generator.types.GeneratedTagKeyType,createMethod/1[io.papermc.generator.types.TypeName],false,74,7,0,0,0,3,14,10,1,3,1,14,0,0,0,0,0,0,4,0,3,1,1,0,0,0,25,2,0,false
C:\Users\danie\Documents\GitHub\lab2_top1000\lab2\data\repos\Paper\paper-api-generator\src\main\java\io\papermc\generator\types\GeneratedTagKeyType.java,io.papermc.generator.types.GeneratedTagKeyType,getTypeSpec/0,false,102,10,4,0,4,3,25,27,1,9,0,25,0,0,0,0,0,0,3,0,7,1,2,0,0,2,36,4,0,false
C:\Users\danie\Documents\GitHub\lab2_top1000\lab2\data\repos\Paper\paper-api-generator\src\main\java\io\papermc\generator\types\GeneratedTagKeyType.java,io.papermc.generator.types.GeneratedTagKeyType,(initializer 1),false,39,1,1,0,1,6,9,15,0,1,0,9,0,0,1,1,1,0,0,0,2,0,3,0,0,0,24,8,0,false
C:\Users\danie\Documents\GitHub\lab2_top1000\lab2\data\repos\Paper\paper-api-generator\generated\io\papermc\paper\registry\keys\TrimMaterialKeys.java,io.papermc.paper.registry.keys.TrimMaterialKeys,create/1[io.papermc.paper.registry.keys.Key],false,109,5,0,0,0,1,1,3,1,0,1,1,0,0,0,0,0,0,0,0,0,0,0,0,0,0,11,9,0,true
C:\Users\danie\Documents\GitHub\lab2_top1000\lab2\data\repos\Paper\paper-api-generator\generated\io\papermc\paper\registry\keys\TrimMaterialKeys.java,io.papermc.paper.registry.keys.TrimMaterialKeys,TrimMaterialKeys/0,true,99,0,0,0,0,1,0,2,0,0,0,0,0,0,0,0,0,0,0,0,0,0,0,0,0,0,3,2,0,false
C:\Users\danie\Documents\GitHub\lab2_top1000\lab2\data\repos\Paper\paper-api-generator\generated\io\papermc\paper\registry\keys\tags\ItemTypeTagKeys.java,io.papermc.paper.registry.keys.tags.ItemTypeTagKeys,create/1[io.papermc.paper.registry.keys.tags.Key],false,1068,5,0,0,0,1,1,3,1,0,1,1,0,0,0,0,0,0,0,0,0,0,0,0,0,0,11,9,0,true
C:\Users\danie\Documents\GitHub\lab2_top1000\lab2\data\repos\Paper\paper-api-generator\generated\io\papermc\paper\registry\keys\tags\ItemTypeTagKeys.java,io.papermc.paper.registry.keys.tags.ItemTypeTagKeys,ItemTypeTagKeys/0,true,1058,0,0,0,0,1,0,2,0,0,0,0,0,0,0,0,0,0,0,0,0,0,0,0,0,0,4,2,0,false
C:\Users\danie\Documents\GitHub\lab2_top1000\lab2\data\repos\Paper\paper-api-generator\src\main\java\io\papermc\generator\types\GeneratedKeyType.java,io.papermc.generator.types.GeneratedKeyType,collectExperimentalKeysBuiltIn/1[io.papermc.generator.types.Registry<T>],false,161,3,0,0,0,1,5,7,2,2,1,5,0,0,0,0,0,0,0,0,1,0,1,0,0,1,10,2,0,false
C:\Users\danie\Documents\GitHub\lab2_top1000\lab2\data\repos\Paper\paper-api-generator\src\main\java\io\papermc\generator\types\GeneratedKeyType.java,io.papermc.generator.types.GeneratedKeyType,createMethod/1[io.papermc.generator.types.TypeName],false,92,7,0,0,0,3,14,10,1,3,1,14,0,0,0,0,0,0,4,0,3,1,1,0,0,0,25,2,0,false
C:\Users\danie\Documents\GitHub\lab2_top1000\lab2\data\repos\Paper\paper-api-generator\src\main\java\io\papermc\generator\types\GeneratedKeyType.java,io.papermc.generator.types.GeneratedKeyType,getTypeSpec/0,false,120,12,7,0,7,4,25,29,1,11,0,25,0,0,1,0,0,0,2,0,11,0,2,0,0,1,34,4,0,false
C:\Users\danie\Documents\GitHub\lab2_top1000\lab2\data\repos\Paper\paper-api-generator\src\main\java\io\papermc\generator\types\GeneratedKeyType.java,io.papermc.generator.types.GeneratedKeyType,(initializer 1),false,57,1,1,0,1,6,9,15,0,1,0,9,0,0,1,1,1,0,0,0,2,0,3,0,0,0,24,8,0,false
C:\Users\danie\Documents\GitHub\lab2_top1000\lab2\data\repos\Paper\paper-api-generator\src\main\java\io\papermc\generator\types\GeneratedKeyType.java,io.papermc.generator.types.GeneratedKeyType,keyHolderType/0,false,108,3,1,0,1,1,9,3,1,0,0,9,0,0,0,0,0,0,1,0,0,0,0,0,0,0,12,2,0,false
C:\Users\danie\Documents\GitHub\lab2_top1000\lab2\data\repos\Paper\paper-api-generator\src\main\java\io\papermc\generator\types\GeneratedKeyType.java,io.papermc.generator.types.GeneratedKeyType,collectExperimentalKeys/1[io.papermc.generator.types.Registry<T>],false,153,3,2,0,2,2,4,8,2,0,1,4,0,0,0,0,0,0,0,0,0,0,1,0,0,0,4,2,0,false
C:\Users\danie\Documents\GitHub\lab2_top1000\lab2\data\repos\Paper\paper-api-generator\src\main\java\io\papermc\generator\types\GeneratedKeyType.java,io.papermc.generator.types.GeneratedKeyType,collectExperimentalKeysDataDriven/1[io.papermc.generator.types.Registry<T>],false,169,5,0,0,0,3,5,17,3,6,1,5,0,0,0,2,0,0,1,0,6,0,1,0,0,0,11,2,0,false
C:\Users\danie\Documents\GitHub\lab2_top1000\lab2\data\repos\Paper\paper-api-generator\src\main\java\io\papermc\generator\types\GeneratedKeyType.java,io.papermc.generator.types.GeneratedKeyType,file/1[JavaFile.Builder],false,189,2,0,0,0,1,1,3,1,0,1,1,0,0,0,0,0,0,1,0,0,0,0,0,0,0,2,4,0,false
C:\Users\danie\Documents\GitHub\lab2_top1000\lab2\data\repos\Paper\paper-api-generator\src\main\java\io\papermc\generator\types\GeneratedKeyType.java,io.papermc.generator.types.GeneratedKeyType,"GeneratedKeyType/6[java.lang.String,java.lang.Class<A>,java.lang.String,io.papermc.generator.types.ResourceKey<? extends io.papermc.generator.types.Registry<T>>,io.papermc.generator.types.RegistryKey<A>,boolean]",true,84,4,0,0,0,1,0,7,0,0,6,0,0,0,0,0,0,0,0,0,4,0,0,0,0,0,9,1,0,false
C:\Users\danie\Documents\GitHub\lab2_top1000\lab2\data\repos\Paper\paper-api-generator\src\main\java\io\papermc\generator\Generators.java,io.papermc.generator.Generators,"simpleTagKey/4[java.lang.String,java.lang.Class<A>,io.papermc.generator.ResourceKey<? extends io.papermc.generator.Registry<T>>,io.papermc.generator.RegistryKey<A>]",false,49,6,0,0,0,1,0,3,1,0,4,0,0,0,0,0,0,0,1,0,0,0,0,0,0,0,7,10,0,false
C:\Users\danie\Documents\GitHub\lab2_top1000\lab2\data\repos\Paper\paper-api-generator\src\main\java\io\papermc\generator\Generators.java,io.papermc.generator.Generators,"simpleKey/5[java.lang.String,java.lang.Class<A>,io.papermc.generator.ResourceKey<? extends io.papermc.generator.Registry<T>>,io.papermc.generator.RegistryKey<A>,boolean]",false,45,6,0,0,0,1,0,3,1,0,5,0,0,0,0,0,0,0,1,0,0,0,0,0,0,0,7,10,0,false
C:\Users\danie\Documents\GitHub\lab2_top1000\lab2\data\repos\Paper\paper-api-generator\src\main\java\io\papermc\generator\Main.java,io.papermc.generator.Main,(initializer 1),false,36,5,1,0,1,1,19,14,0,4,0,19,0,0,0,0,0,0,0,1,7,0,0,0,0,0,26,8,0,false
C:\Users\danie\Documents\GitHub\lab2_top1000\lab2\data\repos\Paper\paper-api-generator\src\main\java\io\papermc\generator\Main.java,io.papermc.generator.Main,"generate/2[java.nio.file.Path,io.papermc.generator.types.SourceGenerator[]]",false,63,1,2,1,1,4,6,15,0,0,2,6,0,0,1,0,1,0,1,0,0,0,2,0,0,0,12,10,1,false
C:\Users\danie\Documents\GitHub\lab2_top1000\lab2\data\repos\Paper\paper-api-generator\src\main\java\io\papermc\generator\Main.java,io.papermc.generator.Main,main/1[java.lang.String[]],false,56,1,1,0,1,1,3,4,0,0,1,3,1,1,0,0,0,0,1,1,0,0,0,0,0,0,6,9,1,false
C:\Users\danie\Documents\GitHub\lab2_top1000\lab2\data\repos\Paper\paper-api-generator\src\main\java\io\papermc\generator\Main.java,io.papermc.generator.Main,Main/0,true,53,0,0,0,0,1,0,2,0,0,0,0,0,0,0,0,0,0,0,0,0,0,0,0,0,0,1,2,0,false
C:\Users\danie\Documents\GitHub\lab2_top1000\lab2\data\repos\Paper\paper-api-generator\src\main\java\io\papermc\generator\utils\Formatting.java,io.papermc.generator.utils.Formatting,tryParseTrailingInt/1[java.lang.String],false,46,0,1,1,0,3,6,10,2,2,1,6,0,0,0,1,0,0,0,2,2,1,2,0,0,0,9,10,0,false
C:\Users\danie\Documents\GitHub\lab2_top1000\lab2\data\repos\Paper\paper-api-generator\src\main\java\io\papermc\generator\utils\Formatting.java,io.papermc.generator.utils.Formatting,"formatTagKey/2[java.lang.String,java.lang.String]",false,19,0,0,0,0,3,6,8,2,2,2,6,0,0,0,2,0,0,0,3,2,1,1,0,0,0,10,9,0,false
C:\Users\danie\Documents\GitHub\lab2_top1000\lab2\data\repos\Paper\paper-api-generator\src\main\java\io\papermc\generator\utils\Formatting.java,io.papermc.generator.utils.Formatting,"alphabeticKeyOrder/1[java.util.function.Function<T,java.lang.String>]",false,30,2,1,0,1,3,6,13,3,6,1,6,1,1,0,0,0,0,0,0,4,0,2,0,0,1,16,9,0,false
C:\Users\danie\Documents\GitHub\lab2_top1000\lab2\data\repos\Paper\paper-api-generator\src\main\java\io\papermc\generator\utils\Formatting.java,io.papermc.generator.utils.Formatting,Formatting/0,true,57,0,0,0,0,1,0,2,0,0,0,0,0,0,0,0,0,0,0,0,0,0,0,0,0,0,1,2,0,false
C:\Users\danie\Documents\GitHub\lab2_top1000\lab2\data\repos\Paper\paper-api-generator\src\main\java\io\papermc\generator\utils\Formatting.java,io.papermc.generator.utils.Formatting,formatKeyAsField/1[java.lang.String],false,15,0,2,2,0,1,3,3,1,0,1,3,0,0,0,0,0,0,1,0,0,0,0,0,0,0,5,9,0,false
C:\Users\danie\Documents\GitHub\lab2_top1000\lab2\data\repos\Paper\paper-api-generator\generated\io\papermc\paper\registry\keys\EnchantmentKeys.java,io.papermc.paper.registry.keys.EnchantmentKeys,create/1[io.papermc.paper.registry.keys.Key],false,326,4,0,0,0,1,1,3,1,0,1,1,0,0,0,0,0,0,0,0,0,0,0,0,0,0,3,10,0,false
C:\Users\danie\Documents\GitHub\lab2_top1000\lab2\data\repos\Paper\paper-api-generator\generated\io\papermc\paper\registry\keys\EnchantmentKeys.java,io.papermc.paper.registry.keys.EnchantmentKeys,EnchantmentKeys/0,true,323,0,0,0,0,1,0,2,0,0,0,0,0,0,0,0,0,0,0,0,0,0,0,0,0,0,2,2,0,false
C:\Users\danie\Documents\GitHub\lab2_top1000\lab2\data\repos\Paper\paper-api-generator\generated\io\papermc\paper\registry\keys\BiomeKeys.java,io.papermc.paper.registry.keys.BiomeKeys,create/1[io.papermc.paper.registry.keys.Key],false,487,5,0,0,0,1,1,3,1,0,1,1,0,0,0,0,0,0,0,0,0,0,0,0,0,0,11,9,0,true
C:\Users\danie\Documents\GitHub\lab2_top1000\lab2\data\repos\Paper\paper-api-generator\generated\io\papermc\paper\registry\keys\BiomeKeys.java,io.papermc.paper.registry.keys.BiomeKeys,BiomeKeys/0,true,477,0,0,0,0,1,0,2,0,0,0,0,0,0,0,0,0,0,0,0,0,0,0,0,0,0,2,2,0,false
C:\Users\danie\Documents\GitHub\lab2_top1000\lab2\data\repos\Paper\test-plugin\src\main\java\io\papermc\testplugin\brigtests\Registration.java,io.papermc.testplugin.brigtests.Registration,Registration/0,true,33,0,0,0,0,1,0,2,0,0,0,0,0,0,0,0,0,0,0,0,0,0,0,0,0,0,1,2,0,false
C:\Users\danie\Documents\GitHub\lab2_top1000\lab2\data\repos\Paper\test-plugin\src\main\java\io\papermc\testplugin\brigtests\Registration.java,io.papermc.testplugin.brigtests.Registration,registerViaOnEnable/1[io.papermc.testplugin.brigtests.JavaPlugin],false,36,2,2,0,2,1,2,4,0,0,1,2,2,1,0,0,0,0,0,0,0,0,0,0,0,0,11,9,0,false
C:\Users\danie\Documents\GitHub\lab2_top1000\lab2\data\repos\Paper\test-plugin\src\main\java\io\papermc\testplugin\brigtests\Registration.java,io.papermc.testplugin.brigtests.Registration,registerViaBootstrap/1[io.papermc.testplugin.brigtests.BootstrapContext],false,161,5,0,0,0,1,22,25,3,8,1,22,0,0,0,0,0,0,10,2,3,0,2,0,0,5,12,9,0,false
C:\Users\danie\Documents\GitHub\lab2_top1000\lab2\data\repos\Paper\test-plugin\src\main\java\io\papermc\testplugin\brigtests\Registration.java,io.papermc.testplugin.brigtests.Registration,registerViaLifecycleEvents/1[io.papermc.testplugin.brigtests.JavaPlugin],false,41,7,1,1,0,2,30,69,10,17,1,30,0,0,0,1,0,0,24,1,5,1,3,1,0,12,33,10,0,false
C:\Users\danie\Documents\GitHub\lab2_top1000\lab2\data\repos\Paper\test-plugin\src\main\java\io\papermc\testplugin\brigtests\Registration.java,io.papermc.testplugin.brigtests.Registration,registerLegacyCommands/1[io.papermc.testplugin.brigtests.JavaPlugin],false,141,2,1,1,0,1,9,20,1,1,1,9,0,0,0,0,0,0,11,0,0,0,1,2,0,1,14,10,0,false
C:\Users\danie\Documents\GitHub\lab2_top1000\lab2\data\repos\Paper\paper-api-generator\generated\io\papermc\paper\registry\keys\TrimPatternKeys.java,io.papermc.paper.registry.keys.TrimPatternKeys,create/1[io.papermc.paper.registry.keys.Key],false,165,5,0,0,0,1,1,3,1,0,1,1,0,0,0,0,0,0,0,0,0,0,0,0,0,0,11,9,0,true
C:\Users\danie\Documents\GitHub\lab2_top1000\lab2\data\repos\Paper\paper-api-generator\generated\io\papermc\paper\registry\keys\TrimPatternKeys.java,io.papermc.paper.registry.keys.TrimPatternKeys,TrimPatternKeys/0,true,155,0,0,0,0,1,0,2,0,0,0,0,0,0,0,0,0,0,0,0,0,0,0,0,0,0,3,2,0,false
C:\Users\danie\Documents\GitHub\lab2_top1000\lab2\data\repos\Paper\paper-api-generator\generated\io\papermc\paper\registry\keys\InstrumentKeys.java,io.papermc.paper.registry.keys.InstrumentKeys,InstrumentKeys/0,true,85,0,0,0,0,1,0,2,0,0,0,0,0,0,0,0,0,0,0,0,0,0,0,0,0,0,2,2,0,false
C:\Users\danie\Documents\GitHub\lab2_top1000\lab2\data\repos\Paper\paper-api-generator\generated\io\papermc\paper\registry\keys\InstrumentKeys.java,io.papermc.paper.registry.keys.InstrumentKeys,create/1[io.papermc.paper.registry.keys.Key],false,88,4,0,0,0,1,1,3,1,0,1,1,0,0,0,0,0,0,0,0,0,0,0,0,0,0,3,10,0,false
C:\Users\danie\Documents\GitHub\lab2_top1000\lab2\data\repos\Paper\test-plugin\src\main\java\io\papermc\testplugin\brigtests\example\ComponentCommandExceptionType.java,io.papermc.testplugin.brigtests.example.ComponentCommandExceptionType,createWithContext/1[io.papermc.testplugin.brigtests.example.ImmutableStringReader],false,22,2,0,0,0,1,2,3,1,0,1,2,0,0,0,0,0,0,0,0,0,0,0,0,0,0,10,1,0,false
C:\Users\danie\Documents\GitHub\lab2_top1000\lab2\data\repos\Paper\test-plugin\src\main\java\io\papermc\testplugin\brigtests\example\ComponentCommandExceptionType.java,io.papermc.testplugin.brigtests.example.ComponentCommandExceptionType,ComponentCommandExceptionType/1[io.papermc.testplugin.brigtests.example.Component],true,14,1,0,0,0,1,2,3,0,0,1,2,0,0,0,0,0,0,0,0,1,0,0,0,0,0,5,1,0,false
C:\Users\danie\Documents\GitHub\lab2_top1000\lab2\data\repos\Paper\test-plugin\src\main\java\io\papermc\testplugin\brigtests\example\ComponentCommandExceptionType.java,io.papermc.testplugin.brigtests.example.ComponentCommandExceptionType,create/0,false,18,1,1,1,0,1,0,3,1,0,0,0,0,0,0,0,0,0,0,0,0,0,0,0,0,0,4,1,0,false
C:\Users\danie\Documents\GitHub\lab2_top1000\lab2\data\repos\Paper\paper-api-generator\src\test\java\io\papermc\generator\MobGoalConverterTest.java,io.papermc.generator.MobGoalConverterTest,testBukkitMap/0,false,18,4,0,0,0,4,15,16,0,3,0,15,0,0,1,0,1,0,3,0,3,1,2,0,0,0,27,1,0,false
C:\Users\danie\Documents\GitHub\lab2_top1000\lab2\data\repos\Paper\paper-api-generator\src\main\java\io\papermc\generator\types\SimpleGenerator.java,io.papermc.generator.types.SimpleGenerator,file/1[JavaFile.Builder],false,22,1,1,1,0,1,0,1,0,0,1,0,0,0,0,0,0,0,0,0,0,0,0,0,0,0,2,1028,0,false
C:\Users\danie\Documents\GitHub\lab2_top1000\lab2\data\repos\Paper\paper-api-generator\src\main\java\io\papermc\generator\types\SimpleGenerator.java,io.papermc.generator.types.SimpleGenerator,writeToFile/1[java.nio.file.Path],false,25,2,2,0,2,1,7,5,0,1,1,7,2,1,0,0,0,0,1,0,1,0,0,0,0,0,10,1,0,false
C:\Users\danie\Documents\GitHub\lab2_top1000\lab2\data\repos\Paper\paper-api-generator\src\main\java\io\papermc\generator\types\SimpleGenerator.java,io.papermc.generator.types.SimpleGenerator,"SimpleGenerator/2[java.lang.String,java.lang.String]",true,15,0,0,0,0,1,0,4,0,0,2,0,0,0,0,0,0,0,0,0,2,0,0,0,0,0,5,4,0,false
C:\Users\danie\Documents\GitHub\lab2_top1000\lab2\data\repos\Paper\paper-api-generator\src\main\java\io\papermc\generator\types\SimpleGenerator.java,io.papermc.generator.types.SimpleGenerator,getTypeSpec/0,false,20,1,1,1,0,1,0,1,0,0,0,0,0,0,0,0,0,0,0,0,0,0,0,0,0,0,3,1028,0,false
C:\Users\danie\Documents\GitHub\lab2_top1000\lab2\data\repos\Paper\test-plugin\src\main\java\io\papermc\testplugin\TestPluginBootstrap.java,io.papermc.testplugin.TestPluginBootstrap,bootstrap/1[io.papermc.testplugin.BootstrapContext],false,10,2,0,0,0,1,0,2,0,0,1,0,0,0,0,0,0,0,0,0,0,0,0,0,0,0,4,1,0,false
C:\Users\danie\Documents\GitHub\lab2_top1000\lab2\data\repos\Paper\test-plugin\src\main\java\io\papermc\testplugin\TestPlugin.java,io.papermc.testplugin.TestPlugin,onEnable/0,false,9,0,0,0,0,1,3,3,0,0,0,3,0,0,0,0,0,0,0,0,0,0,0,0,0,0,2,1,0,false
C:\Users\danie\Documents\GitHub\lab2_top1000\lab2\data\repos\Paper\paper-api-generator\src\main\java\io\papermc\generator\utils\TagCollector.java,io.papermc.generator.utils.TagCollector,grabExperimental/1[io.papermc.generator.utils.MultiPackResourceManager],false,29,7,1,1,0,3,18,19,3,11,1,18,0,0,0,0,0,0,0,0,4,0,3,0,0,5,18,9,0,false
C:\Users\danie\Documents\GitHub\lab2_top1000\lab2\data\repos\Paper\paper-api-generator\src\main\java\io\papermc\generator\utils\TagCollector.java,io.papermc.generator.utils.TagCollector,"collectFromPack/2[PackResources,java.util.function.BiConsumer]",false,59,2,0,0,0,2,12,16,0,6,2,12,0,0,1,0,0,0,1,0,2,0,4,0,0,4,19,10,1,false
C:\Users\danie\Documents\GitHub\lab2_top1000\lab2\data\repos\Paper\paper-api-generator\src\main\java\io\papermc\generator\utils\TagCollector.java,io.papermc.generator.utils.TagCollector,TagCollector/0,true,77,0,0,0,0,1,0,2,0,0,0,0,0,0,0,0,0,0,0,0,0,0,0,0,0,0,2,2,0,false
C:\Users\danie\Documents\GitHub\lab2_top1000\lab2\data\repos\Paper\test-plugin\src\main\java\io\papermc\testplugin\brigtests\example\ExampleAdminCommand.java,io.papermc.testplugin.brigtests.example.ExampleAdminCommand$Anonymous2,"execute/3[io.papermc.testplugin.brigtests.example.CommandSender,java.lang.String,java.lang.String[]]",false,143,2,0,0,0,1,0,3,1,0,3,0,0,0,0,0,0,0,0,0,0,0,0,0,0,0,5,1,0,false
C:\Users\danie\Documents\GitHub\lab2_top1000\lab2\data\repos\Paper\test-plugin\src\main\java\io\papermc\testplugin\brigtests\example\ExampleAdminCommand.java,io.papermc.testplugin.brigtests.example.ExampleAdminCommand$Anonymous2,"tabComplete/3[io.papermc.testplugin.brigtests.example.CommandSender,java.lang.String,java.lang.String[]]",false,148,2,0,0,0,1,2,3,1,0,3,2,0,0,0,0,0,0,1,0,0,0,0,0,0,0,8,1,0,false
C:\Users\danie\Documents\GitHub\lab2_top1000\lab2\data\repos\Paper\test-plugin\src\main\java\io\papermc\testplugin\brigtests\example\ExampleAdminCommand.java,io.papermc.testplugin.brigtests.example.ExampleAdminCommand$Anonymous1,"tabComplete/3[io.papermc.testplugin.brigtests.example.CommandSender,java.lang.String,java.lang.String[]]",false,133,2,0,0,0,1,2,3,1,0,3,2,0,0,0,0,0,0,1,0,0,0,0,0,0,0,8,1,0,false
C:\Users\danie\Documents\GitHub\lab2_top1000\lab2\data\repos\Paper\test-plugin\src\main\java\io\papermc\testplugin\brigtests\example\ExampleAdminCommand.java,io.papermc.testplugin.brigtests.example.ExampleAdminCommand$Anonymous1,"execute/3[io.papermc.testplugin.brigtests.example.CommandSender,java.lang.String,java.lang.String[]]",false,128,2,0,0,0,1,0,3,0,0,3,0,0,0,0,0,0,0,0,0,0,0,0,0,0,0,7,1,0,false
C:\Users\danie\Documents\GitHub\lab2_top1000\lab2\data\repos\Paper\test-plugin\src\main\java\io\papermc\testplugin\brigtests\example\IceCreamTypeArgument.java,io.papermc.testplugin.brigtests.example.IceCreamTypeArgument,convert/1[java.lang.String],false,22,5,1,0,1,2,6,9,1,1,1,6,0,0,0,0,1,0,1,0,1,0,1,0,0,0,13,1,0,false
C:\Users\danie\Documents\GitHub\lab2_top1000\lab2\data\repos\Paper\test-plugin\src\main\java\io\papermc\testplugin\brigtests\example\IceCreamTypeArgument.java,io.papermc.testplugin.brigtests.example.IceCreamTypeArgument,getNativeType/0,false,33,2,0,0,0,1,1,3,1,0,0,1,0,0,0,0,0,0,0,0,0,0,0,0,0,0,3,1,0,false
C:\Users\danie\Documents\GitHub\lab2_top1000\lab2\data\repos\Paper\test-plugin\src\main\java\io\papermc\testplugin\brigtests\example\IceCreamTypeArgument.java,io.papermc.testplugin.brigtests.example.IceCreamTypeArgument,"listSuggestions/2[io.papermc.testplugin.brigtests.example.CommandContext<S>,io.papermc.testplugin.brigtests.example.SuggestionsBuilder]",false,38,4,1,0,1,2,8,6,1,0,2,8,0,0,1,0,0,0,1,0,0,0,1,0,0,0,12,1,0,false
C:\Users\danie\Documents\GitHub\lab2_top1000\lab2\data\repos\Paper\test-plugin\src\main\java\io\papermc\testplugin\brigtests\example\ExampleAdminCommand.java,io.papermc.testplugin.brigtests.example.ExampleAdminCommand,"register/2[io.papermc.testplugin.brigtests.example.JavaPlugin,io.papermc.testplugin.brigtests.example.Commands]",false,28,16,1,0,1,4,42,72,8,19,2,42,0,0,0,2,0,0,33,8,11,1,2,2,0,8,55,9,0,false
C:\Users\danie\Documents\GitHub\lab2_top1000\lab2\data\repos\Paper\test-plugin\src\main\java\io\papermc\testplugin\brigtests\example\MaterialArgumentType.java,io.papermc.testplugin.brigtests.example.MaterialArgumentType,getNativeType/0,false,64,3,0,0,0,1,1,3,1,0,0,1,0,0,0,0,0,0,0,0,0,0,0,0,0,0,3,1,0,false
C:\Users\danie\Documents\GitHub\lab2_top1000\lab2\data\repos\Paper\test-plugin\src\main\java\io\papermc\testplugin\brigtests\example\MaterialArgumentType.java,io.papermc.testplugin.brigtests.example.MaterialArgumentType,block/0,false,36,1,1,0,1,1,0,3,1,0,0,0,0,0,0,0,0,0,0,0,0,0,0,0,0,0,4,9,0,false
C:\Users\danie\Documents\GitHub\lab2_top1000\lab2\data\repos\Paper\test-plugin\src\main\java\io\papermc\testplugin\brigtests\example\MaterialArgumentType.java,io.papermc.testplugin.brigtests.example.MaterialArgumentType,"matchesSubStr/2[java.lang.String,java.lang.String]",false,52,0,0,0,0,3,2,9,2,1,2,2,0,0,1,0,0,0,0,2,2,0,2,0,0,0,7,8,0,false
C:\Users\danie\Documents\GitHub\lab2_top1000\lab2\data\repos\Paper\test-plugin\src\main\java\io\papermc\testplugin\brigtests\example\MaterialArgumentType.java,io.papermc.testplugin.brigtests.example.MaterialArgumentType,convert/1[io.papermc.testplugin.brigtests.example.NamespacedKey],false,41,5,1,0,1,3,3,10,1,1,1,3,0,0,0,1,0,0,0,0,1,0,1,0,0,0,11,1,0,false
C:\Users\danie\Documents\GitHub\lab2_top1000\lab2\data\repos\Paper\test-plugin\src\main\java\io\papermc\testplugin\brigtests\example\MaterialArgumentType.java,io.papermc.testplugin.brigtests.example.MaterialArgumentType,MaterialArgumentType/1[java.util.function.Predicate<io.papermc.testplugin.brigtests.example.Material>],true,28,1,2,2,0,1,0,3,0,0,1,0,0,0,0,0,0,0,0,0,1,0,0,0,0,0,4,2,0,false
C:\Users\danie\Documents\GitHub\lab2_top1000\lab2\data\repos\Paper\test-plugin\src\main\java\io\papermc\testplugin\brigtests\example\MaterialArgumentType.java,io.papermc.testplugin.brigtests.example.MaterialArgumentType,"listSuggestions/2[io.papermc.testplugin.brigtests.example.CommandContext<S>,io.papermc.testplugin.brigtests.example.SuggestionsBuilder]",false,69,6,0,0,0,7,14,18,1,5,2,14,0,0,0,0,0,0,1,1,4,0,3,0,0,1,14,1,0,false
C:\Users\danie\Documents\GitHub\lab2_top1000\lab2\data\repos\Paper\test-plugin\src\main\java\io\papermc\testplugin\brigtests\example\MaterialArgumentType.java,io.papermc.testplugin.brigtests.example.MaterialArgumentType,item/0,false,32,1,1,0,1,1,0,3,1,0,0,0,0,0,0,0,0,0,0,0,0,0,0,0,0,0,4,9,0,false
C:\Users\danie\Documents\GitHub\lab2_top1000\lab2\data\repos\Paper\paper-api-generator\src\main\java\io\papermc\generator\utils\Annotations.java,io.papermc.generator.utils.Annotations,scheduledRemoval/1[java.lang.String],false,41,3,0,0,0,1,3,3,1,0,1,3,0,0,0,0,0,0,2,0,0,0,0,0,0,0,5,9,0,false
C:\Users\danie\Documents\GitHub\lab2_top1000\lab2\data\repos\Paper\paper-api-generator\src\main\java\io\papermc\generator\utils\Annotations.java,io.papermc.generator.utils.Annotations,"deprecatedVersioned/2[java.lang.String,boolean]",false,29,2,0,0,0,3,3,10,1,1,2,3,0,0,0,1,0,0,4,0,1,0,1,0,0,0,9,9,0,false
C:\Users\danie\Documents\GitHub\lab2_top1000\lab2\data\repos\Paper\paper-api-generator\src\main\java\io\papermc\generator\utils\Annotations.java,io.papermc.generator.utils.Annotations,experimentalAnnotations/1[MinecraftExperimental.Requires],false,16,5,2,2,0,2,5,11,1,1,1,5,0,0,0,1,0,0,2,0,1,0,1,0,0,0,9,9,0,false
C:\Users\danie\Documents\GitHub\lab2_top1000\lab2\data\repos\Paper\paper-api-generator\src\main\java\io\papermc\generator\utils\Annotations.java,io.papermc.generator.utils.Annotations,Annotations/0,true,62,0,0,0,0,1,0,2,0,0,0,0,0,0,0,0,0,0,0,0,0,0,0,0,0,0,1,2,0,false
C:\Users\danie\Documents\GitHub\lab2_top1000\lab2\data\repos\Paper\test-plugin\src\main\java\io\papermc\testplugin\brigtests\Registration.java,io.papermc.testplugin.brigtests.Registration$Anonymous3,"execute/3[io.papermc.testplugin.brigtests.CommandSender,java.lang.String,java.lang.String[]]",false,151,2,0,0,0,1,1,4,1,0,3,1,0,0,0,0,0,0,1,0,0,0,0,0,0,0,5,1,0,false
C:\Users\danie\Documents\GitHub\lab2_top1000\lab2\data\repos\Paper\test-plugin\src\main\java\io\papermc\testplugin\TestPluginLoader.java,io.papermc.testplugin.TestPluginLoader,classloader/1[io.papermc.testplugin.PluginClasspathBuilder],false,9,2,0,0,0,1,0,2,0,0,1,0,0,0,0,0,0,0,0,0,0,0,0,0,0,0,5,1,0,false
C:\Users\danie\Documents\GitHub\lab2_top1000\lab2\data\repos\Paper\test-plugin\src\main\java\io\papermc\testplugin\brigtests\Registration.java,io.papermc.testplugin.brigtests.Registration$Anonymous2,"execute/3[io.papermc.testplugin.brigtests.CommandSender,java.lang.String,java.lang.String[]]",false,144,2,0,0,0,1,1,4,1,0,3,1,0,0,0,0,0,0,1,0,0,0,0,0,0,0,5,1,0,false
